Sigma;Epsilon;Void;Energy
26.2;0.3035;0.4884205;0.037649999
49.099997;0.3045;0.4862835;0.405074964
98.19999;0.31;0.47453;1.630749945
198.3;0.321;0.451023;4.172
397.7;0.335;0.421105;5.7293
598.7;0.3465;0.3965295;9.7937
800.4;0.3605;0.3666115;51.6258
1600.8;0.4035;0.2747205;46.1115
2498;0.426;0.226638;-6.1482
