Sigma;Epsilon;Void;Energy
12.87154;0.29354452;0.279080034;
23.96769;0.29333216;0.279464524;0
49.26691;0.2937568;0.278695688;0.01554917
100.7531;0.296356136;0.273989434;0.210525376
200.1746;0.297462969;0.271985446;0.377063761
400.3492;0.30044837;0.266580199;1.273465986
599.1553;0.302556525;0.262763258;2.327020911
799.2507;0.304251433;0.259694526;3.512105669
999.5991;0.308070652;0.2527796;6.947206516
1199.128;0.31317624;0.243535627;12.56010387
1355.552;0.317884208;0.235011568;18.57377971
