Sigma;Epsilon;Void;Energy
25.3;0.268;0.564284;0.05535
48.5;0.2695;0.5610785;0.2193
97.7;0.2725;0.5546675;0.74275
199.4;0.2775;0.5439825;1.7928
398.2;0.2835;0.5311605;2.74285
599.2;0.289;0.519407;5.589999872
798.299968;0.297;0.502311;34.1586754
1598.80006;0.3255;0.4414065;31.74787547
2497.7;0.341;0.408283;-3.072375045
