Sigma;Epsilon;Void;Energy
99.1;0.1845;0.7427235;0.5944
198.1;0.1885;0.7341755;1.64505
400.1;0.194;0.722422;3.894799896
798.299968;0.2005;0.7085315;28.73399962
1596.2;0.2245;0.6572435;32.76240168
2499.10021;0.2405;0.6230515;-0.102382505
