Sigma;Epsilon;Void;Energy
4.5;0.0315;1.0696845;0.0075
25.5;0.032;1.068616;0
49.0999967;0.032;1.068616;0.111899995
100.099996;0.0335;1.0654105;0.300299987
200.199991;0.0355;1.0611365;1.496499978
398.4;0.0405;1.0504515;8.3825
799.1;0.0545;1.0205335;38.998375
1600.8;0.087;0.951081;42.0127
2498;0.1075;0.9072725;-1.02452498
